session_timestamp_ms,phase,gsr,timestamp_ms
0,relax,1.44,0
202,relax,1.44,202
404,relax,1.44,404
607,relax,1.24,607
809,relax,1.24,809
1012,relax,1.24,1012
1215,relax,1.44,1215
1418,relax,1.24,1418
1620,relax,1.44,1620
1823,relax,1.44,1823
2026,relax,1.44,2026
2229,relax,1.24,2229
2432,relax,1.24,2432
2634,relax,1.24,2634
2837,relax,1.34,2837
3040,relax,1.53,3040
3243,relax,1.53,3243
3445,relax,1.44,3445
3648,relax,1.44,3648
3851,relax,1.44,3851
4054,relax,1.34,4054
4256,relax,1.63,4256
4459,relax,1.63,4459
4662,relax,1.53,4662
4865,relax,1.53,4865
5067,relax,1.53,5067
5270,relax,1.34,5270
5473,relax,1.24,5473
5675,relax,1.24,5675
5877,relax,1.34,5877
6080,relax,1.44,6080
6283,relax,2.22,6283
6486,relax,1.53,6486
6688,relax,1.53,6688
6891,relax,1.24,6891
7094,relax,1.44,7094
7297,relax,1.44,7297
7499,relax,1.53,7499
7702,relax,1.73,7702
7905,relax,1.63,7905
8108,relax,1.63,8108
8310,relax,1.73,8310
8513,relax,1.53,8513
8716,relax,1.44,8716
8919,relax,1.44,8919
9121,relax,1.44,9121
9324,relax,1.63,9324
9527,relax,1.63,9527
9730,relax,1.63,9730
9932,relax,1.44,9932
10135,relax,1.63,10135
10338,relax,1.44,10338
10541,relax,1.53,10541
10743,relax,1.63,10743
10946,relax,1.73,10946
11149,relax,1.73,11149
11352,relax,1.53,11352
11554,relax,1.44,11554
11757,relax,1.44,11757
11960,relax,1.44,11960
12163,relax,1.44,12163
12365,relax,1.63,12365
12568,relax,1.63,12568
12771,relax,1.53,12771
12974,relax,1.44,12974
13176,relax,1.34,13176
13379,relax,1.63,13379
13582,relax,1.44,13582
13785,relax,1.53,13785
13987,relax,2.22,13987
14190,relax,1.63,14190
14393,relax,1.44,14393
14596,relax,1.44,14596
14798,relax,1.34,14798
15001,relax,1.34,15001
15204,relax,1.53,15204
15407,relax,1.44,15407
15609,relax,1.44,15609
15812,relax,1.44,15812
16015,relax,1.34,16015
16218,relax,1.44,16218
16420,relax,1.34,16420
16623,relax,1.44,16623
16826,relax,1.34,16826
17029,relax,1.53,17029
17231,relax,1.53,17231
17434,relax,1.44,17434
17637,relax,1.24,17637
17840,relax,1.34,17840
18042,relax,1.44,18042
18245,relax,1.44,18245
18448,relax,1.53,18448
18651,relax,1.63,18651
18853,relax,1.44,18853
19056,relax,1.34,19056
19259,relax,1.24,19259
19462,relax,1.34,19462
19664,relax,1.34,19664
19867,relax,1.44,19867
20070,relax,1.53,20070
20273,relax,1.44,20273
20475,relax,1.34,20475
20678,relax,1.34,20678
20881,relax,1.05,20881
21084,relax,1.34,21084
21286,relax,1.44,21286
21489,relax,1.63,21489
21692,relax,1.44,21692
21895,relax,1.34,21895
22097,relax,1.24,22097
22301,relax,1.24,22301
22504,relax,1.24,22504
22707,relax,1.34,22707
22909,relax,1.44,22909
23112,relax,1.44,23112
23315,relax,1.44,23315
23518,relax,-1.0,23518
23720,relax,1.14,23720
23923,relax,1.24,23923
24126,relax,1.24,24126
24329,relax,1.53,24329
24531,relax,1.44,24531
24734,relax,1.53,24734
24937,relax,1.73,24937
25140,relax,1.24,25140
25342,relax,1.14,25342
25545,relax,1.24,25545
25748,relax,1.34,25748
25951,relax,1.34,25951
26153,relax,1.44,26153
26356,relax,1.34,26356
26559,relax,-1.0,26559
26762,relax,1.24,26762
26964,relax,1.24,26964
27167,relax,1.24,27167
27370,relax,1.44,27370
27573,relax,1.44,27573
27776,relax,1.44,27776
27978,relax,1.34,27978
28181,relax,1.24,28181
28384,relax,1.14,28384
28587,relax,1.24,28587
28789,relax,1.44,28789
28992,relax,1.44,28992
29195,relax,1.44,29195
29398,relax,1.53,29398
29600,relax,-1.0,29600
29803,relax,1.24,29803
30006,relax,1.24,30006
30209,relax,1.34,30209
30411,relax,1.34,30411
30614,relax,1.44,30614
30817,relax,1.44,30817
31020,relax,1.24,31020
31222,relax,1.24,31222
31425,relax,1.14,31425
31628,relax,1.24,31628
31831,relax,1.24,31831
32033,relax,1.44,32033
32236,relax,1.44,32236
32439,relax,1.34,32439
32642,relax,1.24,32642
32844,relax,1.24,32844
33047,relax,1.24,33047
33250,relax,-1.0,33250
33453,relax,1.24,33453
33655,relax,1.34,33655
33858,relax,1.44,33858
34061,relax,1.44,34061
34264,relax,1.34,34264
34466,relax,1.24,34466
34669,relax,1.24,34669
34872,relax,1.24,34872
35075,relax,1.44,35075
35277,relax,1.53,35277
35480,relax,1.34,35480
35683,relax,1.24,35683
35886,relax,1.34,35886
36088,relax,1.24,36088
36291,relax,1.44,36291
36494,relax,1.24,36494
36697,relax,1.63,36697
36899,relax,1.53,36899
37102,relax,1.44,37102
37305,relax,1.44,37305
37508,relax,1.34,37508
37710,relax,1.53,37710
37913,relax,1.53,37913
38116,relax,1.44,38116
38319,relax,1.63,38319
38521,relax,1.53,38521
38724,relax,1.24,38724
38927,relax,2.02,38927
39130,relax,1.34,39130
39332,relax,1.34,39332
39535,relax,1.53,39535
39738,relax,1.53,39738
39941,relax,1.63,39941
40143,relax,1.53,40143
40347,relax,1.53,40347
40550,relax,1.24,40550
40753,relax,1.34,40753
40955,relax,1.83,40955
41158,relax,1.53,41158
41361,relax,1.63,41361
41564,relax,1.53,41564
41766,relax,1.44,41766
41969,relax,1.53,41969
42172,relax,1.34,42172
42375,relax,1.44,42375
42577,relax,1.53,42577
42780,relax,1.53,42780
42983,relax,1.44,42983
43186,relax,1.44,43186
43388,relax,1.34,43388
43591,relax,1.24,43591
43794,relax,1.34,43794
43997,relax,2.02,43997
44199,relax,1.53,44199
44402,relax,1.53,44402
44605,relax,1.44,44605
44808,relax,-1.0,44808
45010,relax,1.24,45010
45213,relax,1.34,45213
45416,relax,1.83,45416
45619,relax,1.44,45619
45821,relax,1.24,45821
46024,relax,1.53,46024
46227,relax,1.53,46227
46430,relax,1.34,46430
46632,relax,1.34,46632
46835,relax,1.34,46835
47038,relax,1.44,47038
47241,relax,1.53,47241
47443,relax,1.63,47443
47646,relax,1.44,47646
47849,relax,1.34,47849
48052,relax,1.34,48052
48254,relax,1.34,48254
48457,relax,1.44,48457
48660,relax,1.53,48660
48863,relax,1.53,48863
49065,relax,1.53,49065
49268,relax,1.34,49268
49471,relax,1.44,49471
49674,relax,1.34,49674
49876,relax,1.34,49876
50079,relax,1.44,50079
50282,relax,1.53,50282
50485,relax,2.12,50485
50688,relax,1.34,50688
50890,relax,1.34,50890
51093,relax,1.34,51093
51296,relax,1.44,51296
51499,relax,1.53,51499
51701,relax,1.73,51701
51904,relax,1.73,51904
52107,relax,1.83,52107
52310,relax,1.44,52310
52512,relax,1.53,52512
52715,relax,1.44,52715
52918,relax,1.53,52918
53121,relax,1.63,53121
53323,relax,1.63,53323
53526,relax,1.73,53526
53729,relax,1.53,53729
53932,relax,1.53,53932
54134,relax,1.44,54134
54337,relax,1.83,54337
54540,relax,1.53,54540
54743,relax,1.63,54743
54945,relax,1.73,54945
55148,relax,1.53,55148
55351,relax,1.44,55351
55554,relax,1.44,55554
55756,relax,1.53,55756
55959,relax,1.53,55959
56162,relax,1.53,56162
56365,relax,1.63,56365
56567,relax,1.63,56567
56770,relax,1.44,56770
56973,relax,1.24,56973
57176,relax,1.14,57176
57378,relax,1.24,57378
57581,relax,1.53,57581
57784,relax,1.53,57784
57987,relax,1.63,57987
58189,relax,1.73,58189
58392,relax,1.34,58392
58595,relax,1.34,58595
58799,relax,1.34,58799
59001,relax,1.53,59001
59204,relax,1.63,59204
59407,relax,1.73,59407
59610,relax,1.53,59610
59812,relax,1.34,59812
60015,relax,1.63,60015
60218,relax,1.34,60218
60421,relax,1.34,60421
60623,relax,1.53,60623
60826,relax,1.53,60826
61029,relax,1.53,61029
61232,relax,1.53,61232
61434,relax,1.34,61434
61637,relax,1.34,61637
61840,relax,1.34,61840
62043,relax,1.44,62043
62245,relax,1.53,62245
62448,relax,1.73,62448
62651,relax,1.53,62651
62854,relax,1.44,62854
63056,relax,1.34,63056
63259,relax,1.34,63259
63462,relax,1.44,63462
63665,relax,1.53,63665
63867,relax,1.63,63867
64070,relax,1.53,64070
64273,relax,1.53,64273
64476,relax,1.34,64476
64678,relax,1.24,64678
64881,relax,1.44,64881
65084,relax,1.44,65084
65287,relax,1.53,65287
65489,relax,1.53,65489
65692,relax,1.53,65692
65895,relax,2.22,65895
66098,relax,1.34,66098
66300,relax,1.34,66300
66503,relax,1.53,66503
66706,relax,1.63,66706
66909,relax,1.83,66909
67111,relax,1.73,67111
67314,relax,1.63,67314
67517,relax,1.44,67517
67720,relax,1.53,67720
67922,relax,1.53,67922
68125,relax,1.63,68125
68328,relax,1.93,68328
68531,relax,1.73,68531
68733,relax,1.63,68733
68936,relax,1.53,68936
69139,relax,1.53,69139
69342,relax,2.22,69342
69544,relax,1.73,69544
69747,relax,1.93,69747
69950,relax,2.12,69950
70153,relax,2.02,70153
70355,relax,1.93,70355
70558,relax,1.83,70558
70761,relax,1.73,70761
70964,relax,1.93,70964
71166,relax,2.02,71166
71369,relax,2.02,71369
71572,relax,2.12,71572
71775,relax,2.02,71775
71977,relax,1.93,71977
72180,relax,1.93,72180
72383,relax,1.93,72383
72586,relax,2.12,72586
72788,relax,2.22,72788
72991,relax,2.32,72991
73194,relax,2.71,73194
73397,relax,2.22,73397
73600,relax,2.02,73600
73802,relax,2.02,73802
74005,relax,2.02,74005
74208,relax,2.02,74208
74411,relax,2.32,74411
74613,relax,2.41,74613
74816,relax,2.02,74816
75019,relax,1.93,75019
75222,relax,1.83,75222
75424,relax,1.83,75424
75627,relax,2.02,75627
75830,relax,2.02,75830
76033,relax,1.93,76033
76235,relax,1.63,76235
76438,relax,1.93,76438
76641,relax,1.93,76641
76845,relax,1.83,76845
77047,relax,1.93,77047
77250,relax,2.02,77250
77453,relax,2.02,77453
77656,relax,2.02,77656
77858,relax,1.93,77858
78061,relax,1.83,78061
78264,relax,1.63,78264
78467,relax,2.32,78467
78669,relax,1.93,78669
78872,relax,1.93,78872
79075,relax,2.02,79075
79278,relax,1.93,79278
79480,relax,1.83,79480
79683,relax,1.63,79683
79886,relax,1.73,79886
80089,relax,1.83,80089
80291,relax,1.93,80291
80494,relax,1.93,80494
80697,relax,1.93,80697
80900,relax,1.83,80900
81102,relax,1.73,81102
81305,relax,1.63,81305
81508,relax,1.73,81508
81711,relax,1.73,81711
81913,relax,1.83,81913
82116,relax,1.93,82116
82319,relax,1.83,82319
82522,relax,1.63,82522
82724,relax,1.63,82724
82927,relax,1.44,82927
83130,relax,1.73,83130
83333,relax,2.02,83333
83535,relax,1.83,83535
83738,relax,1.93,83738
83941,relax,1.73,83941
84144,relax,1.63,84144
84346,relax,1.53,84346
84549,relax,1.44,84549
84752,relax,1.73,84752
84955,relax,1.83,84955
85157,relax,1.83,85157
85360,relax,1.83,85360
85563,relax,1.53,85563
85766,relax,2.22,85766
85968,relax,1.63,85968
86171,relax,1.73,86171
86374,relax,1.73,86374
86577,relax,1.73,86577
86779,relax,1.73,86779
86982,relax,1.24,86982
87185,relax,1.73,87185
87388,relax,1.53,87388
87590,relax,1.53,87590
87793,relax,1.63,87793
87996,relax,1.73,87996
88199,relax,1.83,88199
88401,relax,1.63,88401
88604,relax,1.53,88604
88807,relax,1.44,88807
89010,relax,1.53,89010
89212,relax,1.63,89212
89415,relax,1.73,89415
89618,relax,1.83,89618
89821,relax,1.83,89821
90023,relax,1.44,90023
90226,relax,1.93,90226
90429,relax,1.44,90429
90632,relax,1.53,90632
90834,relax,1.63,90834
91037,relax,1.73,91037
91240,relax,1.73,91240
91443,relax,1.63,91443
91645,relax,1.24,91645
91848,relax,1.44,91848
92051,relax,1.44,92051
92254,relax,1.63,92254
92456,relax,1.63,92456
92659,relax,1.73,92659
92862,relax,1.63,92862
93065,relax,1.53,93065
93267,relax,1.44,93267
93470,relax,1.63,93470
93673,relax,1.44,93673
93876,relax,1.44,93876
94078,relax,1.63,94078
94281,relax,1.73,94281
94484,relax,1.73,94484
94687,relax,1.44,94687
94889,relax,1.44,94889
95092,relax,1.44,95092
95295,relax,1.93,95295
95498,relax,1.63,95498
95700,relax,1.73,95700
95903,relax,1.24,95903
96107,relax,1.53,96107
96310,relax,1.53,96310
96513,relax,1.44,96513
96715,relax,1.24,96715
96918,relax,1.63,96918
97121,relax,1.73,97121
97324,relax,1.63,97324
97526,relax,1.53,97526
97729,relax,1.44,97729
97932,relax,1.44,97932
98135,relax,1.53,98135
98337,relax,1.53,98337
98540,relax,1.83,98540
98743,relax,1.73,98743
98946,relax,1.44,98946
99148,relax,1.53,99148
99351,relax,1.44,99351
99554,relax,1.44,99554
99757,relax,1.53,99757
99959,relax,1.63,99959
100162,relax,1.63,100162
100365,relax,1.83,100365
100568,relax,1.44,100568
100770,relax,1.34,100770
100973,relax,1.44,100973
101176,relax,1.53,101176
101379,relax,1.63,101379
101581,relax,1.73,101581
101784,relax,1.73,101784
101987,relax,1.53,101987
102190,relax,1.24,102190
102392,relax,1.34,102392
102595,relax,1.44,102595
102798,relax,1.44,102798
103002,relax,1.63,103002
103204,relax,1.73,103204
103407,relax,1.63,103407
103610,relax,1.44,103610
103813,relax,1.44,103813
104015,relax,1.44,104015
104218,relax,1.53,104218
104421,relax,1.73,104421
104624,relax,1.73,104624
104826,relax,1.73,104826
105029,relax,1.63,105029
105232,relax,1.53,105232
105435,relax,1.53,105435
105637,relax,1.63,105637
105840,relax,1.73,105840
106043,relax,1.73,106043
106247,relax,1.83,106247
106449,relax,1.73,106449
106652,relax,1.53,106652
106855,relax,1.53,106855
107058,relax,1.53,107058
107260,relax,1.63,107260
107463,relax,1.73,107463
107666,relax,1.83,107666
107869,relax,1.53,107869
108071,relax,1.53,108071
108274,relax,1.53,108274
108477,relax,1.44,108477
108680,relax,1.63,108680
108882,relax,1.63,108882
109085,relax,1.73,109085
109288,relax,1.73,109288
109492,relax,1.53,109492
109694,relax,1.53,109694
109897,relax,1.53,109897
110100,relax,1.73,110100
110303,relax,1.73,110303
110505,relax,1.73,110505
110708,relax,1.73,110708
110911,relax,1.63,110911
111114,relax,1.53,111114
111316,relax,1.53,111316
111519,relax,1.63,111519
111722,relax,1.73,111722
111925,relax,1.93,111925
112128,relax,2.41,112128
112330,relax,1.83,112330
112533,relax,1.73,112533
112737,relax,1.73,112737
112940,relax,1.73,112940
113142,relax,1.93,113142
113345,relax,2.02,113345
113548,relax,2.12,113548
113751,relax,2.41,113751
113953,relax,2.12,113953
114156,relax,1.83,114156
114359,relax,1.93,114359
114562,relax,1.93,114562
114764,relax,2.02,114764
114967,relax,2.12,114967
115170,relax,2.02,115170
115373,relax,1.93,115373
115575,relax,1.83,115575
115778,relax,1.73,115778
115981,relax,1.83,115981
116185,relax,1.63,116185
116387,relax,2.02,116387
116590,relax,2.02,116590
116793,relax,1.93,116793
116996,relax,1.73,116996
117198,relax,1.73,117198
117401,relax,1.73,117401
117604,relax,1.83,117604
117807,relax,1.93,117807
118009,relax,1.93,118009
118212,relax,1.93,118212
118415,relax,1.83,118415
118618,relax,1.73,118618
118820,relax,1.73,118820
119023,relax,1.73,119023
119226,relax,1.93,119226
119430,relax,1.93,119430
119632,relax,1.63,119632
119835,relax,1.93,119835
120038,relax,1.83,120038
120241,relax,1.73,120241
120443,relax,1.73,120443
120646,relax,1.93,120646
120849,relax,1.93,120849
121052,relax,1.93,121052
121254,relax,1.83,121254
121457,relax,1.73,121457
121660,relax,1.63,121660
121863,relax,1.63,121863
122065,relax,1.73,122065
122268,relax,1.83,122268
122471,relax,1.63,122471
122674,relax,1.93,122674
122877,relax,2.12,122877
123080,relax,1.63,123080
123283,relax,1.24,123283
123486,relax,1.73,123486
123688,relax,1.83,123688
123891,relax,1.93,123891
124094,relax,1.83,124094
124297,relax,1.73,124297
124499,relax,1.63,124499
124702,relax,1.73,124702
124905,relax,1.63,124905
125108,relax,1.83,125108
125310,relax,1.83,125310
125513,relax,1.93,125513
125716,relax,1.93,125716
125919,relax,1.73,125919
126123,relax,1.63,126123
126325,relax,1.83,126325
126528,relax,2.02,126528
126731,relax,1.93,126731
126934,relax,2.02,126934
127136,relax,2.02,127136
127339,relax,2.61,127339
127542,relax,1.73,127542
127745,relax,1.73,127745
127947,relax,1.83,127947
128150,relax,1.93,128150
128353,relax,2.02,128353
128556,relax,1.83,128556
128758,relax,1.93,128758
128961,relax,1.63,128961
129164,relax,1.73,129164
129367,relax,1.73,129367
129570,relax,1.93,129570
129773,relax,2.22,129773
129976,relax,1.93,129976
130179,relax,2.02,130179
130381,relax,1.73,130381
130584,relax,1.63,130584
130787,relax,1.83,130787
130990,relax,1.93,130990
131192,relax,1.93,131192
131395,relax,1.93,131395
131598,relax,1.83,131598
131801,relax,1.63,131801
132003,relax,1.63,132003
132206,relax,1.63,132206
132409,relax,1.24,132409
132612,relax,1.83,132612
132814,relax,1.93,132814
133018,relax,2.02,133018
133221,relax,1.93,133221
133424,relax,1.73,133424
133626,relax,2.02,133626
133829,relax,1.83,133829
134032,relax,2.02,134032
134235,relax,2.22,134235
134437,relax,2.12,134437
134640,relax,1.93,134640
134843,relax,1.83,134843
135046,relax,1.73,135046
135248,relax,1.73,135248
135451,relax,1.93,135451
135654,relax,1.93,135654
135857,relax,1.93,135857
136059,relax,1.93,136059
136262,relax,1.73,136262
136466,relax,2.41,136466
136669,relax,2.32,136669
136871,relax,1.73,136871
137074,relax,2.51,137074
137277,relax,2.61,137277
137480,relax,1.93,137480
137682,relax,1.73,137682
137885,relax,1.63,137885
138088,relax,1.63,138088
138291,relax,1.73,138291
138493,relax,2.12,138493
138696,relax,2.02,138696
138899,relax,1.93,138899
139102,relax,1.73,139102
139304,relax,2.22,139304
139507,relax,1.53,139507
139711,relax,1.73,139711
139914,relax,1.73,139914
140116,relax,1.83,140116
140319,relax,1.83,140319
140522,relax,1.83,140522
140725,relax,1.73,140725
140928,relax,1.63,140928
141130,relax,1.63,141130
141333,relax,1.73,141333
141536,relax,1.73,141536
141739,relax,1.83,141739
141941,relax,1.73,141941
142144,relax,1.73,142144
142347,relax,1.63,142347
142550,relax,1.44,142550
142752,relax,1.44,142752
142956,relax,1.73,142956
143159,relax,1.83,143159
143362,relax,1.83,143362
143564,relax,1.63,143564
143767,relax,1.63,143767
143970,relax,1.53,143970
144173,relax,1.63,144173
144375,relax,1.73,144375
144578,relax,1.63,144578
144781,relax,1.83,144781
144984,relax,1.83,144984
145186,relax,1.53,145186
145389,relax,1.53,145389
145592,relax,1.53,145592
145795,relax,1.34,145795
145997,relax,1.73,145997
146201,relax,1.73,146201
146404,relax,2.41,146404
146607,relax,1.73,146607
146809,relax,1.53,146809
147012,relax,1.53,147012
147215,relax,1.63,147215
147418,relax,1.73,147418
147620,relax,1.83,147620
147823,relax,1.83,147823
148026,relax,1.73,148026
148229,relax,1.73,148229
148431,relax,1.53,148431
148634,relax,1.53,148634
148837,relax,1.73,148837
149040,relax,1.73,149040
149242,relax,1.73,149242
149446,relax,1.73,149446
149649,relax,1.53,149649
149852,relax,1.53,149852
150054,relax,1.53,150054
150257,relax,1.24,150257
150460,relax,1.73,150460
150663,relax,1.73,150663
150865,relax,1.73,150865
151068,relax,1.63,151068
151271,relax,1.53,151271
151474,relax,1.44,151474
151676,relax,1.63,151676
151879,relax,1.63,151879
152082,relax,1.73,152082
152285,relax,1.73,152285
152487,relax,1.63,152487
152691,relax,1.44,152691
152894,relax,1.53,152894
153097,relax,1.53,153097
153299,relax,1.73,153299
153502,relax,1.73,153502
153705,relax,1.63,153705
153908,relax,1.73,153908
154110,relax,1.53,154110
154313,relax,1.63,154313
154516,relax,1.63,154516
154719,relax,1.63,154719
154921,relax,1.73,154921
155124,relax,1.63,155124
155327,relax,1.73,155327
155530,relax,1.53,155530
155732,relax,1.73,155732
155936,relax,1.63,155936
156139,relax,1.73,156139
156342,relax,1.73,156342
156545,relax,1.83,156545
156747,relax,1.93,156747
156950,relax,1.73,156950
157153,relax,1.63,157153
157356,relax,1.53,157356
157558,relax,1.83,157558
157761,relax,1.73,157761
157964,relax,1.83,157964
158167,relax,1.83,158167
158369,relax,1.73,158369
158572,relax,1.44,158572
158775,relax,1.53,158775
158978,relax,1.63,158978
159181,relax,1.73,159181
159384,relax,1.83,159384
159587,relax,1.83,159587
159790,relax,1.73,159790
159992,relax,1.63,159992
160195,relax,1.63,160195
160398,relax,1.53,160398
160601,relax,1.83,160601
160803,relax,1.73,160803
161006,relax,1.93,161006
161209,relax,1.83,161209
161412,relax,1.63,161412
161614,relax,1.63,161614
161817,relax,1.53,161817
162020,relax,1.63,162020
162223,relax,1.63,162223
162426,relax,1.73,162426
162629,relax,1.83,162629
162832,relax,1.63,162832
163035,relax,1.44,163035
163237,relax,1.53,163237
163440,relax,1.53,163440
163643,relax,1.63,163643
163846,relax,1.63,163846
164048,relax,2.41,164048
164251,relax,2.41,164251
164454,relax,1.73,164454
164657,relax,1.63,164657
164859,relax,1.24,164859
165062,relax,2.12,165062
165265,relax,1.83,165265
165468,relax,1.93,165468
165671,relax,1.93,165671
165874,relax,2.12,165874
166077,relax,1.73,166077
166280,relax,1.63,166280
166482,relax,1.73,166482
166685,relax,2.22,166685
166888,relax,2.51,166888
167091,relax,1.83,167091
167293,relax,1.73,167293
167496,relax,1.63,167496
167699,relax,1.24,167699
167902,relax,1.63,167902
168104,relax,1.73,168104
168307,relax,1.83,168307
168510,relax,1.93,168510
168713,relax,1.73,168713
168915,relax,1.63,168915
169119,relax,1.44,169119
169322,relax,1.83,169322
169525,relax,1.83,169525
169728,relax,1.83,169728
169930,relax,1.83,169930
170133,relax,1.83,170133
170336,relax,1.73,170336
170539,relax,2.22,170539
170741,relax,1.83,170741
170944,relax,1.73,170944
171147,relax,1.93,171147
171350,relax,1.83,171350
171552,relax,1.93,171552
171755,relax,1.63,171755
171958,relax,1.63,171958
172161,relax,1.63,172161
172364,relax,1.73,172364
172567,relax,1.73,172567
172770,relax,1.83,172770
172973,relax,1.83,172973
173175,relax,1.73,173175
173378,relax,1.73,173378
173581,relax,1.44,173581
173784,relax,1.44,173784
173986,relax,1.63,173986
174189,relax,1.83,174189
174392,relax,2.02,174392
174595,relax,1.83,174595
174797,relax,1.73,174797
175000,relax,1.53,175000
175203,relax,1.63,175203
175406,relax,1.83,175406
175609,relax,2.12,175609
175812,relax,1.83,175812
176015,relax,2.02,176015
176218,relax,2.61,176218
176420,relax,1.73,176420
176623,relax,1.83,176623
176826,relax,1.83,176826
177029,relax,2.71,177029
177231,relax,2.12,177231
177434,relax,2.12,177434
177637,relax,2.02,177637
177840,relax,1.93,177840
178042,relax,1.93,178042
178245,relax,1.93,178245
178448,relax,2.12,178448
178651,relax,2.22,178651
178853,relax,2.22,178853
179057,relax,2.12,179057
179260,relax,2.02,179260
179463,relax,1.93,179463
179665,relax,2.61,179665
179868,relax,2.12,179868
180000,stairs,3.39,0
180071,relax,2.32,180071
180202,stairs,3.39,202
180274,relax,2.32,180274
180404,stairs,3.29,404
180476,relax,2.22,180476
180607,stairs,3.39,607
180679,relax,2.12,180679
180809,stairs,3.39,809
180882,relax,1.93,180882
181012,stairs,3.49,1012
181085,relax,1.93,181085
181215,stairs,3.49,1215
181287,relax,1.83,181287
181418,stairs,3.49,1418
181490,relax,2.02,181490
181620,stairs,3.49,1620
181693,relax,2.41,181693
181823,stairs,3.39,1823
182026,stairs,3.39,2026
182229,stairs,3.39,2229
182432,stairs,3.29,2432
182634,stairs,3.29,2634
182837,stairs,3.29,2837
183040,stairs,3.39,3040
183243,stairs,3.39,3243
183445,stairs,3.49,3445
183648,stairs,3.49,3648
183851,stairs,3.59,3851
184054,stairs,3.78,4054
184256,stairs,3.59,4256
184459,stairs,3.59,4459
184662,stairs,3.49,4662
184865,stairs,3.39,4865
185067,stairs,3.29,5067
185270,stairs,3.39,5270
185472,stairs,3.69,5472
185675,stairs,3.59,5675
185877,stairs,3.69,5877
186080,stairs,3.88,6080
186283,stairs,3.78,6283
186486,stairs,3.98,6486
186688,stairs,3.69,6688
186891,stairs,3.78,6891
187094,stairs,3.78,7094
187297,stairs,3.98,7297
187499,stairs,3.88,7499
187702,stairs,3.88,7702
187905,stairs,3.88,7905
188108,stairs,3.69,8108
188310,stairs,3.69,8310
188513,stairs,3.49,8513
188716,stairs,3.59,8716
188919,stairs,3.59,8919
189121,stairs,3.59,9121
189324,stairs,3.59,9324
189527,stairs,3.39,9527
189730,stairs,3.2,9730
189932,stairs,3.29,9932
190135,stairs,3.2,10135
190338,stairs,3.39,10338
190541,stairs,3.39,10541
190743,stairs,3.49,10743
190946,stairs,3.49,10946
191149,stairs,3.39,11149
191352,stairs,3.2,11352
191554,stairs,3.2,11554
191757,stairs,3.2,11757
191960,stairs,3.2,11960
192163,stairs,3.29,12163
192365,stairs,3.39,12365
192568,stairs,3.2,12568
192771,stairs,3.2,12771
192974,stairs,3.2,12974
193176,stairs,3.0,13176
193379,stairs,3.29,13379
193582,stairs,3.2,13582
193785,stairs,3.29,13785
193987,stairs,3.2,13987
194190,stairs,3.29,14190
194393,stairs,3.39,14393
194596,stairs,3.2,14596
194798,stairs,3.39,14798
195001,stairs,3.39,15001
195204,stairs,3.2,15204
195407,stairs,3.39,15407
195609,stairs,3.39,15609
195812,stairs,3.39,15812
196015,stairs,3.39,16015
196218,stairs,3.2,16218
196420,stairs,3.29,16420
196623,stairs,3.29,16623
196826,stairs,3.39,16826
197029,stairs,3.39,17029
197231,stairs,3.39,17231
197434,stairs,3.29,17434
197637,stairs,3.29,17637
197840,stairs,3.39,17840
198042,stairs,3.78,18042
198245,stairs,3.49,18245
198448,stairs,3.49,18448
198651,stairs,3.39,18651
198853,stairs,3.39,18853
199056,stairs,3.29,19056
199259,stairs,3.2,19259
199462,stairs,3.29,19462
199664,stairs,3.39,19664
199867,stairs,3.39,19867
200070,stairs,3.29,20070
200273,stairs,3.2,20273
200475,stairs,3.2,20475
200678,stairs,3.2,20678
200881,stairs,3.1,20881
201084,stairs,3.2,21084
201286,stairs,3.49,21286
201489,stairs,3.2,21489
201692,stairs,3.29,21692
201895,stairs,3.2,21895
202097,stairs,3.29,22097
202300,stairs,3.29,22300
202503,stairs,3.39,22503
202706,stairs,3.29,22706
202908,stairs,3.29,22908
203111,stairs,3.29,23111
203314,stairs,3.2,23314
203518,stairs,3.2,23518
203720,stairs,3.29,23720
203923,stairs,3.29,23923
204126,stairs,3.29,24126
204329,stairs,3.88,24329
204531,stairs,3.2,24531
204734,stairs,3.29,24734
204937,stairs,3.29,24937
205140,stairs,3.2,25140
205342,stairs,3.2,25342
205545,stairs,3.2,25545
205748,stairs,3.2,25748
205951,stairs,3.29,25951
206153,stairs,3.39,26153
206356,stairs,3.39,26356
206559,stairs,3.2,26559
206762,stairs,3.69,26762
206964,stairs,3.39,26964
207167,stairs,3.49,27167
207370,stairs,3.59,27370
207573,stairs,3.49,27573
207776,stairs,3.39,27776
207978,stairs,3.49,27978
208181,stairs,3.29,28181
208384,stairs,3.29,28384
208587,stairs,3.39,28587
208789,stairs,3.2,28789
208992,stairs,3.2,28992
209195,stairs,3.29,29195
209398,stairs,3.29,29398
209600,stairs,3.39,29600
209803,stairs,3.2,29803
210006,stairs,3.2,30006
210209,stairs,3.39,30209
210411,stairs,3.1,30411
210614,stairs,3.2,30614
210817,stairs,3.2,30817
211020,stairs,3.1,31020
211222,stairs,3.1,31222
211425,stairs,3.2,31425
211628,stairs,3.1,31628
211831,stairs,3.1,31831
212033,stairs,3.2,32033
212236,stairs,3.2,32236
212439,stairs,3.0,32439
212642,stairs,3.1,32642
212844,stairs,3.1,32844
213047,stairs,3.0,33047
213250,stairs,3.0,33250
213453,stairs,3.1,33453
213655,stairs,2.81,33655
213858,stairs,3.0,33858
214061,stairs,3.2,34061
214264,stairs,3.29,34264
214466,stairs,3.29,34466
214669,stairs,3.29,34669
214872,stairs,3.39,34872
215075,stairs,3.39,35075
215277,stairs,3.49,35277
215480,stairs,3.29,35480
215683,stairs,3.29,35683
215886,stairs,3.88,35886
216088,stairs,3.2,36088
216291,stairs,3.29,36291
216494,stairs,3.29,36494
216697,stairs,3.29,36697
216899,stairs,3.2,36899
217102,stairs,3.29,37102
217305,stairs,3.2,37305
217508,stairs,3.1,37508
217710,stairs,3.1,37710
217913,stairs,3.1,37913
218116,stairs,3.1,38116
218319,stairs,3.2,38319
218521,stairs,3.1,38521
218724,stairs,3.0,38724
218927,stairs,3.1,38927
219130,stairs,3.0,39130
219332,stairs,3.1,39332
219535,stairs,3.1,39535
219738,stairs,3.1,39738
219941,stairs,3.69,39941
220143,stairs,3.0,40143
220346,stairs,3.0,40346
220549,stairs,3.0,40549
220752,stairs,3.1,40752
220954,stairs,3.1,40954
221157,stairs,3.1,41157
221360,stairs,3.1,41360
221563,stairs,3.1,41563
221765,stairs,3.1,41765
221968,stairs,3.1,41968
222171,stairs,3.0,42171
222374,stairs,3.0,42374
222576,stairs,3.2,42576
222779,stairs,3.2,42779
222982,stairs,3.2,42982
223185,stairs,3.2,43185
223387,stairs,3.29,43387
223590,stairs,3.29,43590
223793,stairs,3.29,43793
223996,stairs,3.29,43996
224198,stairs,3.39,44198
224401,stairs,3.29,44401
224604,stairs,3.29,44604
224807,stairs,3.29,44807
225009,stairs,3.2,45009
225213,stairs,3.2,45213
225416,stairs,3.2,45416
225619,stairs,3.2,45619
225821,stairs,3.1,45821
226024,stairs,3.1,46024
226227,stairs,3.1,46227
226430,stairs,3.1,46430
226632,stairs,3.0,46632
226835,stairs,3.1,46835
227038,stairs,3.2,47038
227241,stairs,3.1,47241
227443,stairs,3.1,47443
227646,stairs,3.29,47646
227849,stairs,3.2,47849
228052,stairs,3.29,48052
228254,stairs,3.1,48254
228457,stairs,3.2,48457
228660,stairs,3.1,48660
228863,stairs,3.2,48863
229065,stairs,2.81,49065
229268,stairs,3.1,49268
229471,stairs,3.1,49471
229674,stairs,3.0,49674
229876,stairs,3.0,49876
230079,stairs,3.0,50079
230282,stairs,3.1,50282
230485,stairs,3.1,50485
230688,stairs,3.1,50688
230890,stairs,3.1,50890
231093,stairs,3.0,51093
231296,stairs,3.1,51296
231499,stairs,3.1,51499
231701,stairs,3.1,51701
231904,stairs,3.2,51904
232107,stairs,3.2,52107
232310,stairs,3.0,52310
232512,stairs,3.2,52512
232715,stairs,3.2,52715
232918,stairs,3.59,52918
233121,stairs,3.2,53121
233323,stairs,3.2,53323
233526,stairs,3.2,53526
233729,stairs,3.2,53729
233932,stairs,3.2,53932
234134,stairs,3.29,54134
234337,stairs,3.39,54337
234540,stairs,3.29,54540
234743,stairs,3.39,54743
234945,stairs,3.49,54945
235148,stairs,3.49,55148
235351,stairs,3.49,55351
235554,stairs,3.49,55554
235756,stairs,3.49,55756
235959,stairs,3.39,55959
236162,stairs,3.39,56162
236365,stairs,3.39,56365
236567,stairs,3.39,56567
236770,stairs,3.39,56770
236973,stairs,3.39,56973
237176,stairs,3.39,57176
237378,stairs,3.49,57378
237581,stairs,3.59,57581
237784,stairs,3.39,57784
237987,stairs,3.39,57987
238189,stairs,3.39,58189
238392,stairs,3.39,58392
238595,stairs,3.2,58595
238798,stairs,3.2,58798
239000,stairs,3.1,59000
239203,stairs,3.2,59203
239406,stairs,3.0,59406
239609,stairs,3.2,59609
239811,stairs,3.2,59811
240014,stairs,3.1,60014
240217,stairs,3.2,60217
240420,stairs,3.1,60420
240622,stairs,3.78,60622
240825,stairs,3.29,60825
241028,stairs,3.29,61028
241231,stairs,3.29,61231
241433,stairs,3.29,61433
241636,stairs,3.29,61636
241839,stairs,3.29,61839
242042,stairs,3.39,62042
242244,stairs,3.29,62244
242447,stairs,3.29,62447
242650,stairs,3.29,62650
242853,stairs,3.39,62853
243055,stairs,3.29,63055
243258,stairs,3.29,63258
243461,stairs,3.39,63461
243664,stairs,3.29,63664
243866,stairs,3.29,63866
244069,stairs,3.39,64069
244272,stairs,3.49,64272
244475,stairs,3.2,64475
244677,stairs,3.1,64677
244880,stairs,3.2,64880
245083,stairs,3.39,65083
245286,stairs,3.49,65286
245488,stairs,3.49,65488
245691,stairs,3.59,65691
245894,stairs,3.59,65894
246097,stairs,3.59,66097
246299,stairs,3.59,66299
246502,stairs,3.39,66502
246705,stairs,3.49,66705
246908,stairs,3.59,66908
247110,stairs,3.69,67110
247313,stairs,3.78,67313
247516,stairs,3.78,67516
247720,stairs,3.69,67720
247922,stairs,3.59,67922
248125,stairs,3.69,68125
248328,stairs,3.69,68328
248531,stairs,3.59,68531
248733,stairs,3.59,68733
248936,stairs,3.59,68936
249139,stairs,3.39,69139
249342,stairs,3.29,69342
249544,stairs,3.2,69544
249747,stairs,3.29,69747
249950,stairs,3.29,69950
250153,stairs,3.2,70153
250355,stairs,3.29,70355
250558,stairs,3.2,70558
250761,stairs,3.2,70761
250964,stairs,3.2,70964
251166,stairs,3.2,71166
251369,stairs,3.29,71369
251572,stairs,3.29,71572
251775,stairs,3.29,71775
251977,stairs,3.29,71977
252180,stairs,3.39,72180
252383,stairs,3.49,72383
252586,stairs,3.29,72586
252788,stairs,3.98,72788
252991,stairs,3.49,72991
253194,stairs,3.39,73194
253397,stairs,3.2,73397
253600,stairs,3.2,73600
253802,stairs,3.1,73802
254005,stairs,3.1,74005
254208,stairs,3.1,74208
254411,stairs,3.1,74411
254613,stairs,3.0,74613
254816,stairs,3.2,74816
255019,stairs,3.1,75019
255222,stairs,3.49,75222
255424,stairs,3.2,75424
255627,stairs,3.2,75627
255830,stairs,3.29,75830
256033,stairs,3.2,76033
256235,stairs,3.2,76235
256438,stairs,3.2,76438
256641,stairs,3.1,76641
256844,stairs,3.2,76844
257046,stairs,3.2,77046
257249,stairs,3.78,77249
257452,stairs,3.2,77452
257655,stairs,3.2,77655
257857,stairs,3.69,77857
258060,stairs,3.1,78060
258263,stairs,3.2,78263
258466,stairs,3.2,78466
258668,stairs,3.29,78668
258871,stairs,3.2,78871
259074,stairs,3.2,79074
259277,stairs,3.39,79277
259479,stairs,3.2,79479
259682,stairs,3.1,79682
259885,stairs,3.2,79885
260088,stairs,3.2,80088
260290,stairs,2.81,80290
260493,stairs,3.2,80493
260696,stairs,2.81,80696
260899,stairs,3.2,80899
261101,stairs,3.2,81101
261304,stairs,3.1,81304
261507,stairs,3.0,81507
261710,stairs,3.1,81710
261912,stairs,3.0,81912
262115,stairs,3.1,82115
262318,stairs,3.1,82318
262521,stairs,3.0,82521
262723,stairs,3.0,82723
262926,stairs,3.0,82926
263129,stairs,3.1,83129
263332,stairs,3.59,83332
263534,stairs,2.81,83534
263737,stairs,3.1,83737
263940,stairs,3.0,83940
264143,stairs,3.1,84143
264345,stairs,2.9,84345
264548,stairs,2.9,84548
264751,stairs,2.81,84751
264954,stairs,2.9,84954
265156,stairs,2.9,85156
265359,stairs,2.9,85359
265562,stairs,2.9,85562
265765,stairs,2.9,85765
265967,stairs,2.9,85967
266170,stairs,2.9,86170
266373,stairs,2.9,86373
266576,stairs,3.1,86576
266778,stairs,3.0,86778
266981,stairs,3.0,86981
267184,stairs,3.0,87184
267387,stairs,3.0,87387
267589,stairs,3.0,87589
267792,stairs,2.81,87792
267995,stairs,2.9,87995
268198,stairs,2.71,88198
268400,stairs,2.9,88400
268603,stairs,2.81,88603
268806,stairs,2.9,88806
269009,stairs,2.9,89009
269211,stairs,3.49,89211
269414,stairs,2.81,89414
269617,stairs,2.81,89617
269820,stairs,2.9,89820
270022,stairs,2.9,90022
270226,stairs,2.81,90226
270429,stairs,2.81,90429
270632,stairs,2.9,90632
270834,stairs,2.81,90834
271037,stairs,2.41,91037
271240,stairs,2.41,91240
271443,stairs,2.81,91443
271645,stairs,3.0,91645
271848,stairs,2.81,91848
272051,stairs,2.81,92051
272254,stairs,2.81,92254
272456,stairs,2.9,92456
272659,stairs,2.81,92659
272862,stairs,2.81,92862
273065,stairs,2.9,93065
273267,stairs,2.81,93267
273470,stairs,2.71,93470
273673,stairs,2.81,93673
273876,stairs,2.81,93876
274078,stairs,3.0,94078
274281,stairs,2.81,94281
274484,stairs,2.81,94484
274687,stairs,2.81,94687
274889,stairs,2.9,94889
275092,stairs,2.81,95092
275295,stairs,2.9,95295
275498,stairs,3.0,95498
275700,stairs,3.0,95700
275903,stairs,2.9,95903
276106,stairs,3.1,96106
276309,stairs,3.1,96309
276512,stairs,3.1,96512
276714,stairs,3.1,96714
276917,stairs,3.0,96917
277120,stairs,2.9,97120
277323,stairs,3.0,97323
277525,stairs,3.0,97525
277728,stairs,2.9,97728
277931,stairs,3.1,97931
278134,stairs,3.1,98134
278336,stairs,3.0,98336
278539,stairs,2.81,98539
278742,stairs,2.9,98742
278945,stairs,2.9,98945
279147,stairs,2.9,99147
279350,stairs,3.0,99350
279553,stairs,3.0,99553
279756,stairs,2.81,99756
279958,stairs,2.81,99958
280161,stairs,3.2,100161
280364,stairs,2.9,100364
280567,stairs,3.0,100567
280769,stairs,2.9,100769
280972,stairs,2.9,100972
281175,stairs,3.0,101175
281378,stairs,2.9,101378
281580,stairs,2.9,101580
281783,stairs,2.9,101783
281986,stairs,2.9,101986
282189,stairs,3.0,102189
282391,stairs,2.9,102391
282594,stairs,2.9,102594
282798,stairs,3.0,102798
283001,stairs,3.0,103001
283203,stairs,3.0,103203
283406,stairs,3.0,103406
283609,stairs,3.1,103609
283812,stairs,3.0,103812
284014,stairs,3.0,104014
284217,stairs,3.0,104217
284420,stairs,3.1,104420
284623,stairs,3.0,104623
284825,stairs,2.9,104825
285028,stairs,2.9,105028
285231,stairs,2.9,105231
285434,stairs,2.9,105434
285636,stairs,2.81,105636
285839,stairs,3.0,105839
286042,stairs,2.9,106042
286245,stairs,2.81,106245
286447,stairs,2.41,106447
286651,stairs,2.9,106651
286854,stairs,2.9,106854
287057,stairs,2.81,107057
287259,stairs,2.81,107259
287462,stairs,2.9,107462
287665,stairs,2.81,107665
287868,stairs,2.9,107868
288070,stairs,2.81,108070
288273,stairs,2.9,108273
288476,stairs,2.9,108476
288679,stairs,2.81,108679
288881,stairs,2.9,108881
289084,stairs,3.2,109084
289287,stairs,3.49,109287
289490,stairs,2.41,109490
289692,stairs,2.9,109692
289895,stairs,3.1,109895
290099,stairs,3.0,110099
290302,stairs,2.9,110302
290504,stairs,2.81,110504
290707,stairs,2.81,110707
290910,stairs,2.81,110910
291113,stairs,2.9,111113
291315,stairs,2.9,111315
291518,stairs,3.0,111518
291721,stairs,3.1,111721
291924,stairs,3.0,111924
292126,stairs,2.9,112126
292329,stairs,2.81,112329
292532,stairs,3.1,112532
292735,stairs,3.1,112735
292937,stairs,3.1,112937
293140,stairs,3.59,113140
293343,stairs,3.1,113343
293547,stairs,3.1,113547
293750,stairs,3.39,113750
293952,stairs,3.0,113952
294155,stairs,3.0,114155
294358,stairs,3.1,114358
294561,stairs,3.0,114561
294763,stairs,3.1,114763
294966,stairs,2.9,114966
295169,stairs,3.1,115169
295372,stairs,3.2,115372
295574,stairs,3.49,115574
295777,stairs,3.39,115777
295980,stairs,3.2,115980
296183,stairs,3.49,116183
296385,stairs,3.39,116385
296588,stairs,3.39,116588
296792,stairs,3.49,116792
296995,stairs,3.49,116995
297197,stairs,3.59,117197
297400,stairs,3.59,117400
297603,stairs,3.59,117603
297806,stairs,3.49,117806
298008,stairs,3.29,118008
298211,stairs,3.39,118211
298414,stairs,3.39,118414
298617,stairs,3.39,118617
298819,stairs,3.69,118819
299022,stairs,3.29,119022
299225,stairs,3.29,119225
299428,stairs,3.2,119428
299630,stairs,3.2,119630
299833,stairs,3.1,119833
300036,stairs,3.29,120036
300240,stairs,3.2,120240
300442,stairs,3.2,120442
300645,stairs,3.1,120645
300848,stairs,3.1,120848
301051,stairs,3.1,121051
301253,stairs,3.2,121253
301456,stairs,3.29,121456
301659,stairs,3.39,121659
301862,stairs,3.29,121862
302064,stairs,3.29,122064
302267,stairs,3.2,122267
302470,stairs,3.2,122470
302673,stairs,3.2,122673
302875,stairs,3.2,122875
303078,stairs,3.0,123078
303281,stairs,3.2,123281
303485,stairs,3.1,123485
303687,stairs,3.1,123687
303890,stairs,3.1,123890
304093,stairs,3.0,124093
304296,stairs,3.1,124296
304498,stairs,3.0,124498
304701,stairs,3.0,124701
304904,stairs,3.0,124904
305107,stairs,3.0,125107
305309,stairs,3.0,125309
305512,stairs,3.0,125512
305715,stairs,3.0,125715
305918,stairs,3.1,125918
306120,stairs,3.0,126120
306323,stairs,2.81,126323
306526,stairs,3.1,126526
306729,stairs,2.9,126729
306931,stairs,3.0,126931
307135,stairs,3.0,127135
307338,stairs,2.9,127338
307541,stairs,3.0,127541
307744,stairs,3.0,127744
307946,stairs,3.1,127946
308149,stairs,3.0,128149
308352,stairs,2.9,128352
308555,stairs,2.9,128555
308757,stairs,2.9,128757
308960,stairs,2.9,128960
309163,stairs,3.0,129163
309366,stairs,2.9,129366
309568,stairs,2.9,129568
309771,stairs,2.9,129771
309974,stairs,2.9,129974
310177,stairs,2.9,130177
310379,stairs,2.9,130379
310582,stairs,2.9,130582
310785,stairs,3.0,130785
310989,stairs,2.9,130989
311191,stairs,2.81,131191
311394,stairs,3.39,131394
311597,stairs,2.81,131597
311800,stairs,2.81,131800
312002,stairs,3.0,132002
312205,stairs,2.9,132205
312408,stairs,2.71,132408
312611,stairs,2.81,132611
312813,stairs,2.81,132813
313016,stairs,2.81,133016
313219,stairs,2.81,133219
313422,stairs,2.41,133422
313624,stairs,2.81,133624
313827,stairs,2.9,133827
314030,stairs,2.61,134030
314233,stairs,2.81,134233
314436,stairs,2.71,134436
314639,stairs,2.81,134639
314842,stairs,2.81,134842
315045,stairs,2.81,135045
315247,stairs,2.9,135247
315450,stairs,2.9,135450
315653,stairs,2.81,135653
315856,stairs,2.81,135856
316058,stairs,2.9,136058
316261,stairs,2.9,136261
316464,stairs,3.0,136464
316667,stairs,3.0,136667
316869,stairs,2.9,136869
317072,stairs,2.9,137072
317275,stairs,2.81,137275
317478,stairs,2.81,137478
317680,stairs,2.71,137680
317883,stairs,2.9,137883
318087,stairs,2.9,138087
318290,stairs,2.9,138290
318492,stairs,2.81,138492
318695,stairs,2.81,138695
318898,stairs,2.71,138898
319101,stairs,2.81,139101
319303,stairs,2.9,139303
319506,stairs,2.81,139506
319709,stairs,2.81,139709
319912,stairs,2.9,139912
320114,stairs,2.71,140114
320317,stairs,2.71,140317
320520,stairs,2.71,140520
320723,stairs,2.9,140723
320925,stairs,2.81,140925
321128,stairs,2.81,141128
321332,stairs,2.61,141332
321535,stairs,2.61,141535
321737,stairs,2.71,141737
321940,stairs,3.2,141940
322143,stairs,2.71,142143
322346,stairs,2.71,142346
322548,stairs,3.1,142548
322751,stairs,2.41,142751
322954,stairs,2.81,142954
323157,stairs,2.71,143157
323360,stairs,2.81,143360
323562,stairs,2.81,143562
323765,stairs,2.9,143765
323968,stairs,2.81,143968
324171,stairs,2.9,144171
324373,stairs,2.9,144373
324576,stairs,2.9,144576
324780,stairs,3.0,144780
324983,stairs,3.39,144983
325185,stairs,3.0,145185
325388,stairs,3.1,145388
325591,stairs,3.1,145591
325794,stairs,3.1,145794
325996,stairs,3.1,145996
326199,stairs,3.1,146199
326402,stairs,3.0,146402
326605,stairs,3.0,146605
326807,stairs,3.1,146807
327010,stairs,2.81,147010
327213,stairs,3.2,147213
327416,stairs,3.1,147416
327618,stairs,3.29,147618
327821,stairs,3.1,147821
328024,stairs,3.1,148024
328228,stairs,3.1,148228
328430,stairs,3.1,148430
328633,stairs,2.9,148633
328836,stairs,3.59,148836
329039,stairs,3.1,149039
329241,stairs,3.1,149241
329444,stairs,3.1,149444
329647,stairs,3.2,149647
329850,stairs,3.1,149850
330052,stairs,3.0,150052
330255,stairs,3.2,150255
330458,stairs,3.88,150458
330661,stairs,3.1,150661
330863,stairs,3.0,150863
331066,stairs,3.2,151066
331269,stairs,3.2,151269
331473,stairs,3.2,151473
331675,stairs,3.2,151675
331878,stairs,3.2,151878
332081,stairs,3.2,152081
332284,stairs,3.59,152284
332486,stairs,3.29,152486
332689,stairs,3.29,152689
332892,stairs,3.2,152892
333095,stairs,3.29,153095
333297,stairs,3.2,153297
333500,stairs,3.29,153500
333703,stairs,3.29,153703
333906,stairs,3.1,153906
334108,stairs,3.0,154108
334311,stairs,3.2,154311
334514,stairs,3.2,154514
334717,stairs,3.29,154717
334920,stairs,3.1,154920
335123,stairs,3.39,155123
335326,stairs,3.0,155326
335529,stairs,3.2,155529
335731,stairs,3.2,155731
335934,stairs,3.29,155934
336137,stairs,3.49,156137
336340,stairs,3.39,156340
336542,stairs,3.29,156542
336745,stairs,3.29,156745
336948,stairs,3.2,156948
337151,stairs,3.29,157151
337353,stairs,3.29,157353
337556,stairs,3.39,157556
337759,stairs,3.39,157759
337962,stairs,3.39,157962
338164,stairs,3.29,158164
338368,stairs,3.29,158368
338571,stairs,3.2,158571
338774,stairs,3.29,158774
338977,stairs,3.2,158977
339179,stairs,3.29,159179
339382,stairs,3.29,159382
339585,stairs,3.29,159585
339788,stairs,3.1,159788
339990,stairs,3.0,159990
340193,stairs,3.1,160193
340396,stairs,3.29,160396
340599,stairs,3.1,160599
340801,stairs,3.1,160801
341004,stairs,3.0,161004
341207,stairs,3.0,161207
341410,stairs,3.0,161410
341612,stairs,3.2,161612
341816,stairs,3.0,161816
342019,stairs,3.1,162019
342222,stairs,3.1,162222
342424,stairs,3.2,162424
342627,stairs,3.1,162627
342830,stairs,3.2,162830
343033,stairs,3.59,163033
343235,stairs,3.2,163235
343438,stairs,3.2,163438
343641,stairs,3.2,163641
343844,stairs,3.2,163844
344046,stairs,3.2,164046
344249,stairs,3.1,164249
344452,stairs,2.9,164452
344655,stairs,2.81,164655
344857,stairs,3.1,164857
345061,stairs,3.2,165061
345264,stairs,3.1,165264
345467,stairs,3.1,165467
345669,stairs,3.1,165669
345872,stairs,3.0,165872
346075,stairs,3.0,166075
346278,stairs,3.2,166278
346480,stairs,3.0,166480
346683,stairs,3.69,166683
346886,stairs,3.0,166886
347089,stairs,3.0,167089
347291,stairs,2.81,167291
347494,stairs,2.9,167494
347697,stairs,2.9,167697
347900,stairs,2.9,167900
348102,stairs,2.9,168102
348305,stairs,2.41,168305
348508,stairs,2.81,168508
348712,stairs,2.81,168712
348914,stairs,3.0,168914
349117,stairs,2.81,169117
349320,stairs,2.9,169320
349523,stairs,3.0,169523
349725,stairs,2.9,169725
349928,stairs,2.9,169928
350131,stairs,2.9,170131
350334,stairs,2.9,170334
350536,stairs,2.9,170536
350739,stairs,2.81,170739
350942,stairs,3.39,170942
351145,stairs,2.9,171145
351347,stairs,2.9,171347
351550,stairs,2.9,171550
351753,stairs,2.81,171753
351956,stairs,2.41,171956
352158,stairs,2.81,172158
352362,stairs,3.29,172362
352565,stairs,2.9,172565
352768,stairs,3.0,172768
352971,stairs,3.0,172971
353173,stairs,2.81,173173
353376,stairs,2.81,173376
353579,stairs,2.71,173579
353782,stairs,2.9,173782
353984,stairs,3.59,173984
354187,stairs,2.9,174187
354390,stairs,2.81,174390
354593,stairs,2.9,174593
354795,stairs,2.81,174795
354998,stairs,2.41,174998
355201,stairs,3.0,175201
355404,stairs,2.81,175404
355606,stairs,2.9,175606
355810,stairs,3.0,175810
356013,stairs,2.9,176013
356216,stairs,2.71,176216
356418,stairs,2.81,176418
356621,stairs,2.9,176621
356824,stairs,2.81,176824
357027,stairs,2.81,177027
357229,stairs,3.0,177229
357432,stairs,3.0,177432
357635,stairs,2.81,177635
357838,stairs,2.71,177838
358040,stairs,2.9,178040
358243,stairs,3.49,178243
358446,stairs,2.81,178446
358649,stairs,2.81,178649
358851,stairs,2.71,178851
359054,stairs,2.81,179054
359258,stairs,2.71,179258
359461,stairs,3.0,179461
359663,stairs,2.71,179663
359866,stairs,2.71,179866
360000,recovery,1.24,0
360069,stairs,2.81,180069
360202,recovery,1.34,202
360272,stairs,2.71,180272
360404,recovery,1.24,404
360474,stairs,2.9,180474
360607,recovery,1.14,607
360677,stairs,2.81,180677
360809,recovery,1.44,809
360880,stairs,2.81,180880
361012,recovery,1.24,1012
361083,stairs,2.71,181083
361215,recovery,1.44,1215
361285,stairs,2.71,181285
361418,recovery,1.34,1418
361488,stairs,2.81,181488
361620,recovery,1.34,1620
361691,stairs,2.9,181691
361823,recovery,1.63,1823
361894,stairs,2.9,181894
362026,recovery,1.44,2026
362096,stairs,2.41,182096
362229,recovery,1.44,2229
362299,stairs,2.81,182299
362432,recovery,1.44,2432
362502,stairs,2.81,182502
362634,recovery,1.53,2634
362706,stairs,2.81,182706
362837,recovery,1.44,2837
362908,stairs,2.81,182908
363040,recovery,1.34,3040
363111,stairs,2.71,183111
363243,recovery,1.44,3243
363314,stairs,2.81,183314
363445,recovery,1.34,3445
363517,stairs,3.0,183517
363648,recovery,1.44,3648
363851,recovery,1.34,3851
364054,recovery,1.44,4054
364256,recovery,1.24,4256
364459,recovery,1.44,4459
364662,recovery,1.44,4662
364865,recovery,1.44,4865
365067,recovery,1.53,5067
365270,recovery,1.53,5270
365473,recovery,1.53,5473
365675,recovery,1.53,5675
365877,recovery,1.44,5877
366080,recovery,1.44,6080
366283,recovery,1.44,6283
366486,recovery,1.44,6486
366688,recovery,2.02,6688
366891,recovery,1.44,6891
367094,recovery,1.53,7094
367297,recovery,1.44,7297
367499,recovery,1.24,7499
367702,recovery,1.34,7702
367905,recovery,1.34,7905
368108,recovery,1.44,8108
368310,recovery,1.53,8310
368513,recovery,1.53,8513
368716,recovery,1.53,8716
368919,recovery,1.44,8919
369121,recovery,1.44,9121
369324,recovery,1.44,9324
369527,recovery,1.24,9527
369730,recovery,1.44,9730
369932,recovery,1.44,9932
370135,recovery,1.44,10135
370338,recovery,1.24,10338
370541,recovery,1.34,10541
370743,recovery,1.34,10743
370946,recovery,1.34,10946
371149,recovery,1.44,11149
371352,recovery,1.44,11352
371554,recovery,1.44,11554
371757,recovery,1.44,11757
371960,recovery,1.44,11960
372163,recovery,1.53,12163
372365,recovery,1.34,12365
372568,recovery,1.34,12568
372771,recovery,1.34,12771
372974,recovery,1.44,12974
373176,recovery,1.44,13176
373379,recovery,1.44,13379
373582,recovery,1.44,13582
373785,recovery,1.44,13785
373987,recovery,1.44,13987
374190,recovery,1.24,14190
374393,recovery,1.53,14393
374596,recovery,1.73,14596
374798,recovery,1.73,14798
375001,recovery,1.63,15001
375204,recovery,1.63,15204
375407,recovery,1.63,15407
375609,recovery,1.63,15609
375812,recovery,1.63,15812
376015,recovery,1.73,16015
376218,recovery,1.83,16218
376420,recovery,1.63,16420
376623,recovery,1.73,16623
376826,recovery,1.83,16826
377029,recovery,1.63,17029
377231,recovery,1.63,17231
377434,recovery,1.73,17434
377637,recovery,2.22,17637
377840,recovery,1.73,17840
378042,recovery,1.73,18042
378245,recovery,1.63,18245
378448,recovery,1.73,18448
378651,recovery,1.53,18651
378853,recovery,1.53,18853
379056,recovery,1.53,19056
379259,recovery,1.53,19259
379462,recovery,1.63,19462
379664,recovery,1.73,19664
379867,recovery,1.73,19867
380070,recovery,1.73,20070
380273,recovery,2.22,20273
380475,recovery,1.73,20475
380678,recovery,1.83,20678
380881,recovery,1.63,20881
381084,recovery,1.93,21084
381286,recovery,1.83,21286
381489,recovery,1.83,21489
381692,recovery,1.73,21692
381895,recovery,1.63,21895
382097,recovery,2.02,22097
382300,recovery,1.73,22300
382503,recovery,2.22,22503
382707,recovery,1.63,22707
382909,recovery,1.73,22909
383112,recovery,1.73,23112
383315,recovery,1.63,23315
383518,recovery,1.63,23518
383720,recovery,1.63,23720
383923,recovery,1.63,23923
384126,recovery,1.73,24126
384329,recovery,1.63,24329
384531,recovery,1.63,24531
384734,recovery,1.63,24734
384937,recovery,1.53,24937
385140,recovery,1.53,25140
385342,recovery,1.53,25342
385545,recovery,1.44,25545
385748,recovery,1.63,25748
385951,recovery,1.63,25951
386153,recovery,1.83,26153
386356,recovery,1.53,26356
386559,recovery,1.53,26559
386762,recovery,1.24,26762
386964,recovery,1.44,26964
387167,recovery,1.53,27167
387370,recovery,1.73,27370
387573,recovery,1.63,27573
387776,recovery,1.53,27776
387978,recovery,1.53,27978
388181,recovery,1.53,28181
388384,recovery,1.44,28384
388587,recovery,1.53,28587
388789,recovery,1.53,28789
388992,recovery,1.63,28992
389195,recovery,1.53,29195
389398,recovery,1.53,29398
389600,recovery,1.24,29600
389803,recovery,1.44,29803
390006,recovery,1.44,30006
390209,recovery,1.44,30209
390411,recovery,1.53,30411
390614,recovery,1.53,30614
390817,recovery,1.53,30817
391020,recovery,1.44,31020
391222,recovery,1.53,31222
391425,recovery,1.63,31425
391628,recovery,1.63,31628
391831,recovery,1.63,31831
392033,recovery,1.53,32033
392236,recovery,2.22,32236
392439,recovery,1.73,32439
392642,recovery,1.44,32642
392844,recovery,1.44,32844
393047,recovery,1.44,33047
393250,recovery,1.44,33250
393453,recovery,1.53,33453
393655,recovery,1.73,33655
393858,recovery,1.63,33858
394061,recovery,1.44,34061
394264,recovery,1.44,34264
394466,recovery,1.34,34466
394669,recovery,1.34,34669
394872,recovery,1.44,34872
395075,recovery,1.53,35075
395277,recovery,1.44,35277
395480,recovery,1.44,35480
395683,recovery,1.44,35683
395886,recovery,1.44,35886
396088,recovery,1.24,36088
396291,recovery,1.44,36291
396494,recovery,1.34,36494
396697,recovery,1.44,36697
396899,recovery,1.44,36899
397102,recovery,1.44,37102
397305,recovery,1.34,37305
397508,recovery,1.34,37508
397710,recovery,1.24,37710
397913,recovery,1.44,37913
398116,recovery,1.44,38116
398319,recovery,1.34,38319
398521,recovery,1.44,38521
398724,recovery,1.44,38724
398927,recovery,1.34,38927
399130,recovery,1.34,39130
399332,recovery,1.34,39332
399535,recovery,1.34,39535
399738,recovery,1.34,39738
399941,recovery,1.44,39941
400143,recovery,1.44,40143
400346,recovery,1.34,40346
400549,recovery,1.34,40549
400753,recovery,1.73,40753
400955,recovery,1.34,40955
401158,recovery,1.34,41158
401361,recovery,1.34,41361
401564,recovery,1.34,41564
401766,recovery,1.44,41766
401969,recovery,1.34,41969
402172,recovery,1.24,42172
402375,recovery,1.24,42375
402577,recovery,1.24,42577
402780,recovery,1.34,42780
402983,recovery,1.34,42983
403186,recovery,1.53,43186
403388,recovery,1.34,43388
403591,recovery,1.34,43591
403794,recovery,1.24,43794
403997,recovery,1.34,43997
404199,recovery,1.34,44199
404402,recovery,1.34,44402
404605,recovery,1.34,44605
404808,recovery,1.63,44808
405010,recovery,1.34,45010
405213,recovery,1.34,45213
405416,recovery,1.24,45416
405619,recovery,1.44,45619
405821,recovery,1.24,45821
406024,recovery,1.34,46024
406227,recovery,1.34,46227
406430,recovery,1.34,46430
406632,recovery,1.44,46632
406835,recovery,1.14,46835
407038,recovery,1.24,47038
407241,recovery,1.24,47241
407443,recovery,1.14,47443
407646,recovery,1.24,47646
407849,recovery,1.34,47849
408052,recovery,1.34,48052
408254,recovery,1.34,48254
408457,recovery,1.24,48457
408660,recovery,1.24,48660
408863,recovery,1.44,48863
409065,recovery,1.14,49065
409268,recovery,1.24,49268
409471,recovery,1.34,49471
409674,recovery,1.34,49674
409876,recovery,1.14,49876
410079,recovery,1.34,50079
410282,recovery,1.24,50282
410485,recovery,1.24,50485
410688,recovery,1.24,50688
410890,recovery,1.24,50890
411093,recovery,1.44,51093
411296,recovery,1.34,51296
411499,recovery,1.44,51499
411701,recovery,1.24,51701
411904,recovery,1.24,51904
412107,recovery,1.24,52107
412310,recovery,1.24,52310
412512,recovery,1.24,52512
412715,recovery,1.34,52715
412918,recovery,1.34,52918
413121,recovery,1.14,53121
413323,recovery,1.24,53323
413526,recovery,1.24,53526
413729,recovery,1.24,53729
413932,recovery,1.83,53932
414134,recovery,1.24,54134
414337,recovery,1.34,54337
414540,recovery,1.24,54540
414743,recovery,1.24,54743
414945,recovery,1.14,54945
415148,recovery,1.24,55148
415351,recovery,1.24,55351
415554,recovery,1.24,55554
415756,recovery,1.24,55756
415959,recovery,1.53,55959
416162,recovery,1.34,56162
416365,recovery,1.24,56365
416567,recovery,1.24,56567
416770,recovery,1.73,56770
416973,recovery,1.14,56973
417176,recovery,1.24,57176
417378,recovery,1.34,57378
417581,recovery,1.24,57581
417784,recovery,1.34,57784
417987,recovery,1.24,57987
418189,recovery,1.14,58189
418393,recovery,1.24,58393
418596,recovery,1.14,58596
418799,recovery,1.05,58799
419001,recovery,1.24,59001
419204,recovery,1.34,59204
419407,recovery,1.14,59407
419610,recovery,1.24,59610
419812,recovery,1.14,59812
420015,recovery,1.14,60015
420218,recovery,1.24,60218
420421,recovery,-1.0,60421
420623,recovery,1.24,60623
420826,recovery,1.24,60826
421029,recovery,1.34,61029
421232,recovery,1.24,61232
421434,recovery,1.24,61434
421637,recovery,1.14,61637
421840,recovery,1.14,61840
422043,recovery,1.24,62043
422245,recovery,1.34,62245
422448,recovery,1.24,62448
422651,recovery,1.24,62651
422854,recovery,1.24,62854
423056,recovery,1.14,63056
423259,recovery,1.14,63259
423462,recovery,1.14,63462
423665,recovery,1.63,63665
423867,recovery,1.24,63867
424070,recovery,1.24,64070
424273,recovery,1.24,64273
424476,recovery,1.24,64476
424678,recovery,1.14,64678
424881,recovery,1.14,64881
425084,recovery,1.14,65084
425287,recovery,-1.0,65287
425489,recovery,1.44,65489
425692,recovery,1.34,65692
425895,recovery,1.24,65895
426098,recovery,1.24,66098
426300,recovery,1.14,66300
426503,recovery,1.14,66503
426706,recovery,1.14,66706
426909,recovery,1.24,66909
427111,recovery,1.24,67111
427314,recovery,1.24,67314
427517,recovery,1.24,67517
427720,recovery,1.34,67720
427922,recovery,1.24,67922
428125,recovery,1.14,68125
428328,recovery,1.24,68328
428531,recovery,1.34,68531
428733,recovery,1.44,68733
428936,recovery,1.34,68936
429139,recovery,1.34,69139
429342,recovery,1.24,69342
429544,recovery,1.63,69544
429747,recovery,1.24,69747
429950,recovery,1.34,69950
430153,recovery,1.34,70153
430355,recovery,1.53,70355
430558,recovery,1.44,70558
430761,recovery,1.34,70761
430964,recovery,1.24,70964
431166,recovery,2.02,71166
431369,recovery,1.44,71369
431572,recovery,1.24,71572
431775,recovery,1.34,71775
431977,recovery,1.44,71977
432180,recovery,1.24,72180
432383,recovery,1.34,72383
432586,recovery,1.53,72586
432788,recovery,1.34,72788
432991,recovery,1.24,72991
433194,recovery,1.53,73194
433397,recovery,1.44,73397
433600,recovery,1.34,73600
433802,recovery,1.34,73802
434005,recovery,1.24,74005
434208,recovery,1.24,74208
434411,recovery,1.24,74411
434613,recovery,1.24,74613
434816,recovery,1.34,74816
435019,recovery,1.34,75019
435222,recovery,1.34,75222
435424,recovery,1.34,75424
435627,recovery,1.34,75627
435830,recovery,1.24,75830
436034,recovery,1.53,76034
436236,recovery,1.34,76236
436439,recovery,1.34,76439
436642,recovery,1.24,76642
436845,recovery,1.73,76845
437047,recovery,1.34,77047
437250,recovery,1.34,77250
437453,recovery,1.24,77453
437656,recovery,1.24,77656
437858,recovery,1.24,77858
438061,recovery,1.34,78061
438264,recovery,1.24,78264
438467,recovery,1.34,78467
438669,recovery,1.34,78669
438872,recovery,1.44,78872
439075,recovery,1.24,79075
439278,recovery,1.24,79278
439480,recovery,1.24,79480
439683,recovery,1.24,79683
439886,recovery,1.34,79886
440089,recovery,1.34,80089
440291,recovery,1.93,80291
440494,recovery,1.24,80494
440697,recovery,1.05,80697
440900,recovery,1.34,80900
441102,recovery,1.24,81102
441305,recovery,1.34,81305
441508,recovery,1.34,81508
441711,recovery,-1.0,81711
441913,recovery,1.34,81913
442116,recovery,1.34,82116
442319,recovery,1.24,82319
442522,recovery,1.24,82522
442724,recovery,1.34,82724
442927,recovery,1.44,82927
443130,recovery,2.02,83130
443333,recovery,1.53,83333
443535,recovery,1.44,83535
443738,recovery,1.73,83738
443941,recovery,1.34,83941
444144,recovery,1.34,84144
444346,recovery,1.34,84346
444549,recovery,1.34,84549
444752,recovery,2.02,84752
444955,recovery,1.44,84955
445157,recovery,1.34,85157
445360,recovery,1.24,85360
445563,recovery,1.24,85563
445766,recovery,1.24,85766
445968,recovery,1.83,85968
446171,recovery,1.14,86171
446374,recovery,1.53,86374
446577,recovery,-1.0,86577
446779,recovery,1.34,86779
446982,recovery,1.24,86982
447185,recovery,1.24,87185
447388,recovery,1.24,87388
447590,recovery,1.34,87590
447793,recovery,1.44,87793
447996,recovery,1.53,87996
448199,recovery,1.44,88199
448401,recovery,1.44,88401
448604,recovery,1.44,88604
448807,recovery,1.44,88807
449010,recovery,1.53,89010
449212,recovery,1.53,89212
449415,recovery,1.63,89415
449618,recovery,1.53,89618
449821,recovery,1.53,89821
450023,recovery,1.44,90023
450226,recovery,1.63,90226
450429,recovery,1.44,90429
450632,recovery,1.44,90632
450834,recovery,1.53,90834
451037,recovery,1.63,91037
451240,recovery,1.83,91240
451443,recovery,1.53,91443
451645,recovery,1.63,91645
451848,recovery,1.53,91848
452051,recovery,1.44,92051
452254,recovery,1.53,92254
452456,recovery,1.53,92456
452659,recovery,1.53,92659
452862,recovery,1.53,92862
453065,recovery,1.24,93065
453267,recovery,1.44,93267
453470,recovery,1.44,93470
453673,recovery,1.44,93673
453876,recovery,1.53,93876
454078,recovery,1.44,94078
454281,recovery,1.24,94281
454484,recovery,1.53,94484
454687,recovery,1.44,94687
454891,recovery,1.44,94891
455093,recovery,1.44,95093
455296,recovery,1.44,95296
455499,recovery,1.44,95499
455702,recovery,1.44,95702
455904,recovery,1.44,95904
456107,recovery,1.44,96107
456310,recovery,1.44,96310
456513,recovery,2.02,96513
456715,recovery,1.53,96715
456918,recovery,1.24,96918
457121,recovery,1.34,97121
457324,recovery,1.34,97324
457526,recovery,1.44,97526
457729,recovery,1.44,97729
457932,recovery,1.34,97932
458135,recovery,1.34,98135
458337,recovery,1.34,98337
458540,recovery,1.34,98540
458743,recovery,1.34,98743
458946,recovery,1.44,98946
459148,recovery,1.34,99148
459351,recovery,1.44,99351
459554,recovery,1.34,99554
459757,recovery,1.24,99757
459959,recovery,-1.0,99959
460162,recovery,1.34,100162
460365,recovery,1.34,100365
460568,recovery,1.24,100568
460770,recovery,1.24,100770
460973,recovery,1.44,100973
461176,recovery,1.34,101176
461379,recovery,1.34,101379
461581,recovery,1.24,101581
461784,recovery,1.24,101784
461987,recovery,1.34,101987
462190,recovery,1.34,102190
462392,recovery,1.34,102392
462595,recovery,1.24,102595
462799,recovery,1.24,102799
463002,recovery,1.24,103002
463204,recovery,1.14,103204
463407,recovery,1.24,103407
463610,recovery,1.34,103610
463813,recovery,1.34,103813
464015,recovery,1.34,104015
464218,recovery,1.34,104218
464421,recovery,1.24,104421
464624,recovery,1.34,104624
464826,recovery,1.24,104826
465029,recovery,1.24,105029
465232,recovery,1.34,105232
465435,recovery,1.44,105435
465637,recovery,1.24,105637
465840,recovery,2.02,105840
466043,recovery,1.24,106043
466247,recovery,1.24,106247
466449,recovery,1.24,106449
466652,recovery,1.63,106652
466855,recovery,1.34,106855
467058,recovery,1.44,107058
467260,recovery,1.24,107260
467463,recovery,1.34,107463
467666,recovery,1.24,107666
467869,recovery,1.24,107869
468071,recovery,1.24,108071
468274,recovery,1.34,108274
468477,recovery,1.34,108477
468680,recovery,1.24,108680
468882,recovery,1.24,108882
469085,recovery,1.24,109085
469288,recovery,1.24,109288
469492,recovery,1.24,109492
469694,recovery,1.24,109694
469897,recovery,1.24,109897
470100,recovery,1.53,110100
470303,recovery,1.34,110303
470505,recovery,1.24,110505
470708,recovery,1.24,110708
470911,recovery,1.14,110911
471114,recovery,1.34,111114
471316,recovery,1.34,111316
471519,recovery,1.24,111519
471722,recovery,1.24,111722
471925,recovery,1.34,111925
472128,recovery,1.24,112128
472330,recovery,1.05,112330
472533,recovery,1.14,112533
472737,recovery,1.24,112737
472940,recovery,1.24,112940
473142,recovery,1.24,113142
473345,recovery,1.34,113345
473548,recovery,1.24,113548
473751,recovery,1.24,113751
473953,recovery,1.05,113953
474156,recovery,1.24,114156
474359,recovery,1.24,114359
474562,recovery,1.24,114562
474764,recovery,2.02,114764
474967,recovery,1.34,114967
475170,recovery,1.24,115170
475373,recovery,1.24,115373
475575,recovery,1.24,115575
475778,recovery,1.24,115778
475982,recovery,1.24,115982
476185,recovery,1.24,116185
476387,recovery,1.34,116387
476590,recovery,1.34,116590
476793,recovery,1.24,116793
476996,recovery,1.24,116996
477198,recovery,1.34,117198
477401,recovery,1.44,117401
477604,recovery,1.34,117604
477807,recovery,1.24,117807
478009,recovery,1.34,118009
478212,recovery,1.24,118212
478415,recovery,1.24,118415
478618,recovery,1.44,118618
478820,recovery,1.34,118820
479023,recovery,1.24,119023
479227,recovery,1.24,119227
479430,recovery,-1.0,119430
479632,recovery,1.34,119632
479835,recovery,1.53,119835
480038,recovery,1.24,120038
480241,recovery,1.24,120241
480443,recovery,1.14,120443
480646,recovery,1.44,120646
480849,recovery,1.34,120849
481052,recovery,1.24,121052
481254,recovery,1.34,121254
481457,recovery,1.24,121457
481660,recovery,1.14,121660
481863,recovery,1.24,121863
482065,recovery,1.93,122065
482268,recovery,1.24,122268
482472,recovery,-1.0,122472
482675,recovery,1.34,122675
482877,recovery,1.34,122877
483080,recovery,1.14,123080
483283,recovery,1.24,123283
483486,recovery,1.14,123486
483688,recovery,1.24,123688
483891,recovery,1.24,123891
484094,recovery,1.14,124094
484297,recovery,-1.0,124297
484499,recovery,1.24,124499
484702,recovery,1.14,124702
484905,recovery,1.14,124905
485108,recovery,1.14,125108
485310,recovery,1.34,125310
485513,recovery,1.24,125513
485717,recovery,1.24,125717
485920,recovery,1.24,125920
486123,recovery,1.14,126123
486325,recovery,1.24,126325
486528,recovery,1.14,126528
486731,recovery,1.73,126731
486934,recovery,1.24,126934
487136,recovery,1.34,127136
487339,recovery,1.34,127339
487542,recovery,1.24,127542
487745,recovery,1.05,127745
487947,recovery,1.14,127947
488150,recovery,1.14,128150
488353,recovery,1.14,128353
488556,recovery,-1.0,128556
488758,recovery,1.24,128758
488962,recovery,1.05,128962
489165,recovery,1.14,129165
489368,recovery,1.14,129368
489570,recovery,1.14,129570
489773,recovery,1.14,129773
489976,recovery,1.34,129976
490179,recovery,1.14,130179
490381,recovery,1.34,130381
490584,recovery,1.34,130584
490787,recovery,1.24,130787
490990,recovery,1.24,130990
491192,recovery,1.14,131192
491395,recovery,1.05,131395
491598,recovery,1.24,131598
491801,recovery,1.34,131801
492003,recovery,1.34,132003
492206,recovery,1.34,132206
492410,recovery,1.24,132410
492613,recovery,1.05,132613
492815,recovery,1.05,132815
493018,recovery,1.05,133018
493221,recovery,1.24,133221
493424,recovery,1.34,133424
493626,recovery,1.44,133626
493829,recovery,1.34,133829
494032,recovery,1.24,134032
494235,recovery,1.05,134235
494437,recovery,1.05,134437
494640,recovery,1.05,134640
494843,recovery,1.34,134843
495046,recovery,1.24,135046
495248,recovery,1.53,135248
495451,recovery,1.44,135451
495654,recovery,1.14,135654
495857,recovery,-1.0,135857
496060,recovery,1.05,136060
496263,recovery,1.14,136263
496466,recovery,1.24,136466
496669,recovery,1.34,136669
496871,recovery,1.44,136871
497074,recovery,1.34,137074
497277,recovery,1.24,137277
497480,recovery,1.14,137480
497682,recovery,1.14,137682
497885,recovery,1.14,137885
498088,recovery,1.34,138088
498291,recovery,2.02,138291
498493,recovery,1.53,138493
498696,recovery,1.34,138696
498899,recovery,1.44,138899
499102,recovery,1.05,139102
499304,recovery,1.14,139304
499508,recovery,1.24,139508
499711,recovery,1.44,139711
499914,recovery,1.63,139914
500116,recovery,1.63,140116
500319,recovery,1.34,140319
500522,recovery,1.63,140522
500725,recovery,1.34,140725
500928,recovery,1.24,140928
501130,recovery,1.44,141130
501333,recovery,1.53,141333
501536,recovery,1.63,141536
501739,recovery,1.63,141739
501941,recovery,1.44,141941
502144,recovery,1.24,142144
502347,recovery,1.34,142347
502550,recovery,1.24,142550
502753,recovery,1.44,142753
502956,recovery,1.53,142956
503159,recovery,1.24,143159
503362,recovery,1.24,143362
503564,recovery,1.34,143564
503767,recovery,1.24,143767
503970,recovery,1.14,143970
504173,recovery,1.34,144173
504375,recovery,1.44,144375
504578,recovery,1.24,144578
504781,recovery,1.44,144781
504984,recovery,1.44,144984
505186,recovery,1.34,145186
505389,recovery,1.24,145389
505592,recovery,1.14,145592
505795,recovery,1.24,145795
505998,recovery,1.44,145998
506201,recovery,1.53,146201
506404,recovery,1.53,146404
506607,recovery,1.44,146607
506809,recovery,1.24,146809
507012,recovery,1.14,147012
507215,recovery,1.14,147215
507418,recovery,1.34,147418
507620,recovery,1.34,147620
507823,recovery,1.53,147823
508026,recovery,1.53,148026
508229,recovery,1.34,148229
508431,recovery,1.24,148431
508634,recovery,1.14,148634
508837,recovery,1.14,148837
509040,recovery,1.34,149040
509243,recovery,1.44,149243
509446,recovery,1.44,149446
509649,recovery,1.53,149649
509852,recovery,1.34,149852
510054,recovery,1.14,150054
510257,recovery,1.14,150257
510460,recovery,1.24,150460
510663,recovery,2.02,150663
510865,recovery,1.44,150865
511068,recovery,1.53,151068
511271,recovery,1.53,151271
511474,recovery,1.24,151474
511676,recovery,1.24,151676
511879,recovery,-1.0,151879
512082,recovery,1.24,152082
512285,recovery,1.34,152285
512488,recovery,1.24,152488
512691,recovery,1.44,152691
512894,recovery,1.53,152894
513097,recovery,1.24,153097
513299,recovery,1.14,153299
513502,recovery,1.14,153502
513705,recovery,1.34,153705
513908,recovery,1.24,153908
514110,recovery,1.44,154110
514313,recovery,1.53,154313
514516,recovery,1.34,154516
514719,recovery,1.24,154719
514921,recovery,1.14,154921
515124,recovery,1.14,155124
515327,recovery,1.44,155327
515530,recovery,1.44,155530
515734,recovery,1.53,155734
515936,recovery,1.73,155936
516139,recovery,1.53,156139
516342,recovery,1.34,156342
516545,recovery,1.34,156545
516747,recovery,1.34,156747
516950,recovery,1.73,156950
517153,recovery,1.73,157153
517356,recovery,1.73,157356
517558,recovery,1.63,157558
517761,recovery,1.44,157761
517964,recovery,1.34,157964
518167,recovery,1.34,158167
518369,recovery,1.34,158369
518572,recovery,1.53,158572
518776,recovery,1.63,158776
518979,recovery,1.63,158979
519181,recovery,1.44,159181
519384,recovery,1.53,159384
519587,recovery,1.53,159587
519790,recovery,1.24,159790
519992,recovery,1.34,159992
520195,recovery,1.44,160195
520398,recovery,1.63,160398
520601,recovery,2.22,160601
520803,recovery,1.53,160803
521006,recovery,1.44,161006
521209,recovery,1.34,161209
521412,recovery,1.24,161412
521614,recovery,1.34,161614
521817,recovery,1.53,161817
522020,recovery,1.63,162020
522224,recovery,1.83,162224
522426,recovery,2.12,162426
522629,recovery,1.34,162629
522832,recovery,1.34,162832
523035,recovery,1.24,163035
523237,recovery,1.44,163237
523440,recovery,1.44,163440
523643,recovery,1.24,163643
523846,recovery,1.63,163846
524048,recovery,1.53,164048
524251,recovery,1.44,164251
524454,recovery,1.14,164454
524657,recovery,1.24,164657
524859,recovery,1.24,164859
525062,recovery,1.44,165062
525265,recovery,1.53,165265
525469,recovery,1.63,165469
525671,recovery,1.44,165671
525874,recovery,1.24,165874
526077,recovery,1.14,166077
526280,recovery,1.05,166280
526482,recovery,1.34,166482
526685,recovery,1.44,166685
526888,recovery,1.73,166888
527091,recovery,1.53,167091
527293,recovery,1.44,167293
527496,recovery,1.24,167496
527699,recovery,1.14,167699
527902,recovery,1.24,167902
528104,recovery,1.34,168104
528307,recovery,1.44,168307
528510,recovery,1.53,168510
528713,recovery,1.44,168713
528916,recovery,1.44,168916
529119,recovery,1.63,169119
529322,recovery,1.14,169322
529525,recovery,1.34,169525
529728,recovery,1.44,169728
529930,recovery,1.53,169930
530133,recovery,1.83,170133
530336,recovery,1.44,170336
530539,recovery,1.44,170539
530741,recovery,1.34,170741
530944,recovery,1.34,170944
531147,recovery,1.34,171147
531350,recovery,1.53,171350
531552,recovery,1.63,171552
531755,recovery,1.63,171755
531958,recovery,1.63,171958
532162,recovery,1.34,172162
532364,recovery,1.24,172364
532567,recovery,1.24,172567
532770,recovery,1.34,172770
532973,recovery,1.53,172973
533175,recovery,1.53,173175
533378,recovery,2.12,173378
533581,recovery,1.44,173581
533784,recovery,1.34,173784
533986,recovery,1.24,173986
534189,recovery,1.24,174189
534392,recovery,1.24,174392
534595,recovery,1.53,174595
534797,recovery,1.63,174797
535000,recovery,1.63,175000
535203,recovery,1.53,175203
535407,recovery,1.34,175407
535609,recovery,1.93,175609
535812,recovery,1.14,175812
536015,recovery,1.44,176015
536218,recovery,1.44,176218
536420,recovery,1.53,176420
536623,recovery,1.83,176623
536826,recovery,1.63,176826
537029,recovery,1.34,177029
537231,recovery,1.34,177231
537434,recovery,1.34,177434
537637,recovery,1.44,177637
537840,recovery,1.53,177840
538042,recovery,1.63,178042
538245,recovery,1.63,178245
538448,recovery,1.63,178448
538652,recovery,1.63,178652
538854,recovery,1.44,178854
539057,recovery,1.63,179057
539260,recovery,1.73,179260
539463,recovery,1.73,179463
539665,recovery,1.83,179665
